{"cameraMode":{"drawMode":0,"name":"Shaded","section":"Shading Mode"},"sceneLighting":true,"audioPlay":false,"sceneViewState":{"showFog":true,"showMaterialUpdate":true,"showSkybox":true,"showFlares":true,"showImageEffects":true,"showParticleSystems":true},"in2DMode":false,"pivot":{"x":-1.1699144840240479,"y":1.1769917011260987,"z":5.015806198120117},"rotation":{"x":-0.11198507994413376,"y":-0.18899717926979066,"z":0.021662352606654168,"w":-0.9753308296203613},"size":39.00933074951172,"orthographic":false}