{"cameraMode":{"drawMode":0,"name":"Shaded","section":"Shading Mode"},"sceneLighting":true,"audioPlay":false,"sceneViewState":{"showFog":true,"showMaterialUpdate":false,"showSkybox":true,"showFlares":true,"showImageEffects":true,"showParticleSystems":true},"in2DMode":false,"pivot":{"x":-18.78368377685547,"y":-14.078983306884766,"z":-14.7799711227417},"rotation":{"x":-0.1407681554555893,"y":0.8431843519210815,"z":-0.26666882634162905,"w":-0.44509807229042055},"size":38.185821533203128,"orthographic":false}