{"cameraMode":{"drawMode":0,"name":"Shaded","section":"Shading Mode"},"sceneLighting":true,"audioPlay":false,"sceneViewState":{"showFog":true,"showMaterialUpdate":true,"showSkybox":true,"showFlares":true,"showImageEffects":true,"showParticleSystems":true},"in2DMode":false,"pivot":{"x":-0.6140841245651245,"y":0.10834051668643952,"z":-0.024364586919546129},"rotation":{"x":0.12091691792011261,"y":-0.47599363327026369,"z":0.06623830646276474,"w":0.8685745000839233},"size":30.760087966918947,"orthographic":false}