{"cameraMode":{"drawMode":0,"name":"Shaded","section":"Shading Mode"},"sceneLighting":true,"audioPlay":false,"sceneViewState":{"showFog":true,"showMaterialUpdate":true,"showSkybox":true,"showFlares":true,"showImageEffects":true,"showParticleSystems":true},"in2DMode":false,"pivot":{"x":-0.43530163168907168,"y":-0.14063391089439393,"z":-0.06632179021835327},"rotation":{"x":-0.44695520401000979,"y":-0.12459014356136322,"z":0.06304797530174256,"w":-0.8835911154747009},"size":6.479974746704102,"orthographic":false}