{"cameraMode":{"drawMode":0,"name":"Shaded","section":"Shading Mode"},"sceneLighting":false,"audioPlay":false,"sceneViewState":{"showFog":false,"showMaterialUpdate":false,"showSkybox":false,"showFlares":false,"showImageEffects":false,"showParticleSystems":false},"in2DMode":false,"pivot":{"x":-0.7832083702087402,"y":0.30624616146087649,"z":1.67991304397583},"rotation":{"x":-0.04267439618706703,"y":0.22523999214172364,"z":-0.00985307339578867,"w":-0.9733184576034546},"size":10.692758560180664,"orthographic":false}