{"cameraMode":{"drawMode":0,"name":"Shaded","section":"Shading Mode"},"sceneLighting":true,"audioPlay":false,"sceneViewState":{"showFog":false,"showMaterialUpdate":false,"showSkybox":false,"showFlares":false,"showImageEffects":false,"showParticleSystems":false},"in2DMode":false,"pivot":{"x":-0.517341136932373,"y":0.21926355361938477,"z":-0.22226452827453614},"rotation":{"x":-0.09357601404190064,"y":-0.1511339396238327,"z":0.014335553161799908,"w":-0.9839698076248169},"size":17.560495376586915,"orthographic":false}