{"cameraMode":{"drawMode":0,"name":"Shaded","section":"Shading Mode"},"sceneLighting":true,"audioPlay":false,"sceneViewState":{"showFog":false,"showMaterialUpdate":false,"showSkybox":false,"showFlares":false,"showImageEffects":false,"showParticleSystems":false},"in2DMode":false,"pivot":{"x":-0.517341136932373,"y":0.21926355361938477,"z":-0.22226452827453614},"rotation":{"x":-0.045245517045259479,"y":0.045534636825323108,"z":-0.002101488644257188,"w":-0.9979353547096252},"size":17.560495376586915,"orthographic":false}