{"cameraMode":{"drawMode":0,"name":"Shaded","section":"Shading Mode"},"sceneLighting":true,"audioPlay":false,"sceneViewState":{"showFog":false,"showMaterialUpdate":false,"showSkybox":false,"showFlares":false,"showImageEffects":false,"showParticleSystems":false},"in2DMode":false,"pivot":{"x":-0.517341136932373,"y":0.21926355361938477,"z":-0.22226452827453614},"rotation":{"x":-0.08825242519378662,"y":-0.20556914806365968,"z":0.01857953518629074,"w":-0.9744781851768494},"size":17.560495376586915,"orthographic":false}